id;name;order_number;area_id;process_id
1;Lazer;Lazer;1;1;1
2;DEK;DEK;2;1;2
3;Cyber-Optics;Cyber-Optics;3;1;3
4;Insertion Automatique ;Insertion Automatique ;4;1;4
5;P&P Panasonic;P&P Panasonic;5;1;5
6;Reflow;Reflow;6;1;6
7;AOI OMRON;AOI OMRON;7;1;7
8;Insertion Manuel 1;Insertion Manuel 1;1;2;8
9;Insertion Manuel 2;Insertion Manuel 2;2;2;9
10;Insertion Manuel 3;Insertion Manuel 3;3;2;10
11;Insertion Manuel 4;Insertion Manuel 4;4;2;11
12;AOI Modus;AOI Modus;5;2;12
13;ICT test;ICT test;6;2;13
14;Lens Gluing;Lens Gluing;1;3;14
15;Coating;Coating;7;2;15
16;Handle Cutting;Handle Cutting;1;4;16
17;Lens Welding;Lens Welding;2;3;17
18;Plasma Teatement;Plasma Teatement;3;3;18
19;ASSEMBLAGE 1 Cordset;ASSEMBLAGE 1 Cordset;4;3;19
20;ASSEMBLAGE 2 Cordset;ASSEMBLAGE 2 Cordset;5;3;20
21;Pre-Leak Test;Pre-Leak Test;6;3;21
22;ASSEMBLAGE 3 Cordset;ASSEMBLAGE 3 Cordset;7;3;22
23;ASSEMBLAGE 4 Cordset;ASSEMBLAGE 4 Cordset;8;3;23
24;ASSEMBLAGE 5 Cordset;ASSEMBLAGE 5 Cordset;9;3;24
25;Pre-FKT;Pre-FKT;10;3;25
26;AC cutting;AC cutting;2;4;26
27;Logo Gluing ;Logo Gluing ;11;3;27
28;Jumper Cutting;Jumper Cutting;3;4;28
29;vibration welding;vibration welding;12;3;29
30;End Cup Injection;End Cup Injection;13;3;30
31;FKT;FKT;14;3;31
32;Leak Test;Leak Test;15;3;32
33;Q-Gate;Q-Gate;16;3;33
34;Accessories Inspection;Accessories Inspection;17;3;34
35;End Cup Preparation;End Cup Preparation;4;4;35
36;Accessories Assembly;Accessories Assembly;5;4;36
37;Midstripp;Midstripp;6;4;37
38;Uni stripping;Uni stripping;7;4;38
39;Crimping ;Crimping ;8;4;39
40;spot soldering;spot soldering;9;4;40
41;Shrink Preparation;Shrink Preparation;10;4;41
42;RT US welding 1;RT US welding 1;11;4;42
43;RT US welding 2;RT US welding 2;12;4;43
44;Splicing;Splicing;13;4;44
45;Cold melt application;Cold melt application;14;4;45
46;Shrinking;Shrinking;15;4;46
47;Connector assembly;Connector assembly;16;4;47
48;LATCH Assembly;LATCH Assembly;17;4;48
49;SHELLS Assembly;SHELLS Assembly;18;4;49
50;Preliminary electrical test ( handle + AC );Preliminary electrical test ( handle + AC );19;4;50
51;Handle Injection;Handle Injection;20;4;51
52;Soft Grip Gluing ;Soft Grip Gluing ;21;4;52
53;Final Handle electrical + HiPot test;Final Handle electrical + HiPot test;22;4;53
54;Handle Leak Test;Handle Leak Test;23;4;54
55;Shipping to Final Assembly;Shipping to Final Assembly;24;4;55
56;RTV;RTV;9;2;56
57;Shipping Client;Shipping Client;19;3;57
58;Control Coating;Control Coating;8;2;58
59;Control RTV;Control RTV;10;2;59
60;Rooter;Rooter;11;2;60
61;Packaging;Packaging;18;3;61
62;Lazer ;Lazer ;1;5;62
63;Serigraphie DEK;Serigraphie DEK;2;5;63
64;Cyber-Optics;Cyber-Optics;3;5;3
65;P&P Panasonic;P&P Panasonic;4;5;5
66;Reflow;Reflow;5;5;6
67;AOI 2D;AOI 2D;6;5;64
68;ICT test;ICT test;7;5;13
69;Rooter;Rooter;8;5;60
70;Shipping Client;Shipping Client;9;5;57
71;Universal;Universal;1;6;65
72;Insertion Automatique ;Insertion Automatique ;2;6;4
73;Depaneling;Depaneling;3;6;66
74;Insertion Manuelle;Insertion Manuelle;4;6;67
75;AOI OMRON;AOI OMRON;8;6;7
76;ICT test;ICT test;9;6;13
77;PRESS-FIT;PRESS-FIT;10;6;68
78;OMRON;OMRON;11;6;69
79;VERNISSAGE;VERNISSAGE;12;6;70
80;Cover Assy ;Cover Assy ;13;6;71
81;Manual Fuse Insertion;Manual Fuse Insertion;14;6;72
82;Shipping Client;Shipping Client;15;6;57
83;Control Firewall;Control Firewall;16;6;73
84;Preparation Cambrage;Preparation Cambrage;17;6;74
85;Lazer Marking;Lazer Marking;1;7;75
86;Serigraphie DEK;Serigraphie DEK;2;7;63
87;Cyber-Optics;Cyber-Optics;3;7;3
88;THT Automatic insertion;THT Automatic insertion;4;7;76
89;Preparation Cambrage;Preparation Cambrage;5;7;74
90;P&P Panasonic;P&P Panasonic;6;7;5
91;P&P Yamaha;P&P Yamaha;7;7;77
92;Insertion Manuelle Diode ;Insertion Manuelle Diode ;8;7;78
93;Reflow;Reflow;9;7;6
94;AOI OMRON;AOI OMRON;10;7;7
95;PRESS-FIT;PRESS-FIT;1;8;68
96;Control Firewall;Control Firewall;2;8;73
97;ICT test;ICT test;3;8;13
98;Rooter;Rooter;4;8;60
99;VERNISSAGE;VERNISSAGE;5;8;70
100;Cover Assy ;Cover Assy ;7;8;71
101;Manual Fuse Insertion;Manual Fuse Insertion;8;8;72
102;Shipping Client;Shipping Client;10;8;57
103;power;power;11;8;79
104;Universal;Universal;1;9;65
105;Insertion Automatique ;Insertion Automatique ;2;9;4
106;Insertion Manuelle;Insertion Manuelle;3;9;67
107;AOI OMRON;AOI OMRON;5;9;7
108;Depaneling;Depaneling;6;9;66
109;Cover Assy ;Cover Assy ;7;9;71
110;TEST SANDWISH;TEST SANDWISH;8;9;80
111;Manual Fuse Insertion;Manual Fuse Insertion;9;9;72
112;FKT;FKT;10;9;31
113;Lazer;Lazer;1;10;1
114;Serigraphie DEK;Serigraphie DEK;2;10;63
115;Cyber-Optics;Cyber-Optics;3;10;3
116;Insertion Manuelle;Insertion Manuelle;4;10;67
117;P&P Panasonic;P&P Panasonic;5;10;5
118;Reflow;Reflow;6;10;6
119;AOI MODUS;AOI MODUS;7;10;12
120;ICT test;ICT test;8;10;13
121;Coating;Coating;9;10;15
122;Control Coating;Control Coating;10;10;58
123;X-RAY;X-RAY;11;10;81
124;PRESS-FIT;PRESS-FIT;12;10;68
125;Depaneling;Depaneling;13;10;66
126;Houssing;Houssing;14;10;82
127;Climatic Chamber;Climatic Chamber;15;10;83
128;FKT;FKT;16;10;31
129;Labeling;Labeling;17;10;84
130;Shipping Client;Shipping Client;18;10;57
131;Reflash;Reflash;19;10;85
132;Lazer;Lazer;1;11;1
133;Serigraphie DEK;Serigraphie DEK;2;11;63
134;Cyber-Optics;Cyber-Optics;3;11;3
135;Insertion Manuelle;Insertion Manuelle;4;11;67
136;P&P Panasonic;P&P Panasonic;5;11;5
137;Reflow;Reflow;6;11;6
138;AOI MODUS;AOI MODUS;7;11;12
139;ICT test;ICT test;8;11;13
140;Coating;Coating;9;11;15
141;Control Coating;Control Coating;10;11;58
142;X-RAY;X-RAY;11;11;81
143;PRESS-FIT;PRESS-FIT;12;11;68
144;Depaneling;Depaneling;13;11;66
145;Houssing;Houssing;14;11;82
146;Climatic Chamber;Climatic Chamber;15;11;83
147;FKT;FKT;16;11;31
148;Labeling;Labeling;17;11;84
149;Shipping Client;Shipping Client;18;11;57
150;Reflash;Reflash;19;11;85
151;Serigraphie DEK;Serigraphie DEK;1;12;63
152;Lazer;Lazer;2;12;1
153;Cyber-Optics;Cyber-Optics;3;12;3
154;Insertion  Busber;Insertion  Busber;4;12;86
155;Insertion Automatique ;Insertion Automatique ;5;12;4
156;P&P Yamaha;P&P Yamaha;6;12;77
157;Reflow;Reflow;7;12;6
158;AOI OMRON;AOI OMRON;8;12;7
159;ICT test;ICT test;9;12;13
160;Coating;Coating;10;12;15
161;Control Coating;Control Coating;11;12;58
162;Depaneling;Depaneling;12;12;66
163;Manual Fuse Insertion;Manual Fuse Insertion;13;12;72
164;ASSEMBLAGE;ASSEMBLAGE;14;12;87
165;TEST SANDWISH;TEST SANDWISH;15;12;80
166;FKT;FKT;16;12;31
167;Shipping Client;Shipping Client;18;12;57
168;Lazer;Lazer;1;13;1
169;Serigraphie DEK;Serigraphie DEK;2;13;63
170;Cyber-Optics;Cyber-Optics;3;13;3
171;P&P Panasonic;P&P Panasonic;4;13;5
172;Reflow;Reflow;5;13;6
173;AOI IPTE;AOI IPTE;6;13;88
174;connecteur insertion;connecteur insertion;7;14;89
175;AOI OMRON;AOI OMRON;8;14;7
176;ICT test;ICT test;9;14;13
177;Depaneling;Depaneling;10;14;66
178;Edge Coating;Edge Coating;11;14;90
179;Cover Assy ;Cover Assy ;12;14;71
180;FKT;FKT;13;14;31
181;Label printing;Label printing;14;14;91
182;Bracket Assembly;Bracket Assembly;15;14;92
183;Packaging;Packaging;16;14;61
184;Shipping Client;Shipping Client;17;14;57
185;Lazer;Lazer;1;15;1
186;Cyber-Optics;Cyber-Optics;2;15;3
187;P&P Panasonic;P&P Panasonic;3;15;5
188;Reflow;Reflow;4;15;6
189; AOI ; AOI ;5;15;93
190;ICT test;ICT test;6;15;13
191;X-RAY;X-RAY;7;15;81
192;Coating;Coating;8;15;15
193;Control Coating;Control Coating;9;15;58
194;Screwing Shunt;Screwing Shunt;10;15;94
195;Selective  Soldering;Selective  Soldering;11;15;95
196;Rooter;Rooter;13;15;60
197;Shipping Client;Shipping Client;14;15;57
198;Beinding ;Beinding ;1;16;96
199;Automatic shunt soldring(roobot)  / control camera;Automatic shunt soldring(roobot)  / control camera;2;16;97
200;ASSEMBLAGE 1;ASSEMBLAGE 1;3;16;98
201;ASSEMBLAGE 2;ASSEMBLAGE 2;3;16;99
202;ASSEMBLAGE 3;ASSEMBLAGE 3;3;16;100
203;ASSEMBLAGE 4;ASSEMBLAGE 4;3;16;101
204;ASSEMBLAGE 5;ASSEMBLAGE 5;3;16;102
205;FKT;FKT;4;16;31
206;AOI OMRON;AOI OMRON;5;16;7
207;Shaker test;Shaker test;6;16;103
208;Shipping Client;Shipping Client;7;16;57
209;Vissage Connecteur;Vissage Connecteur;8;16;104
210;Wave Soldering;Wave Soldering;9;16;105
211;KAPTON Preparation;KAPTON Preparation;11;16;106
212;Lazer;Lazer;1;17;1
213;Serigraphie DEK;Serigraphie DEK;2;17;63
214;Cyber-Optics;Cyber-Optics;3;17;3
215;Insertion Manuelle;Insertion Manuelle;4;17;67
216;P&P Panasonic;P&P Panasonic;5;17;5
217;Reflow;Reflow;6;17;6
218;AOI MODUS;AOI MODUS;7;17;12
219;ICT test;ICT test;8;17;13
220;Coating;Coating;9;17;15
221;Control Coating;Control Coating;10;17;58
222;X-RAY;X-RAY;11;17;81
223;PRESS-FIT;PRESS-FIT;12;17;68
224;Depaneling;Depaneling;13;17;66
225;Houssing;Houssing;14;17;82
226;Climatic Chamber;Climatic Chamber;15;17;83
227;FKT;FKT;16;17;31
228;Labeling;Labeling;17;17;84
229;Shipping Client;Shipping Client;18;17;57
230;Reflash;Reflash;19;17;85
231;Insertion Short Pin;Insertion Short Pin;1;18;107
232;SOUDAGE Short pin ;SOUDAGE Short pin ;2;18;108
233;Insertion Automatique ;Insertion Automatique ;3;18;4
234;Cambrage;Cambrage;4;18;109
235;Insertion Manuelle;Insertion Manuelle;5;18;67
236;AOI OMRON;AOI OMRON;9;18;7
237;ICT test;ICT test;10;18;13
238;Insertion Long Pin ;Insertion Long Pin ;11;18;110
239;SOUDAGE Long pin;SOUDAGE Long pin;12;18;111
240;Poka-Yoke;Poka-Yoke;13;18;112
241;Selective Edges;Selective Edges;14;18;113
242;Cover Assy ;Cover Assy ;15;18;71
243;Manual Fuse Insertion;Manual Fuse Insertion;16;18;72
244;Shipping Client;Shipping Client;17;18;57
245;Preparation Cambrage;Preparation Cambrage;18;18;74
246;Lazer;Lazer;1;19;1
247;Serigraphie DEK;Serigraphie DEK;2;19;63
248;Cyber-Optics;Cyber-Optics;3;19;3
249;P&P Panasonic;P&P Panasonic;4;19;5
250;Lazpuir Plus 13;Lazpuir Plus 13;5;19;114
251;AOI MODUS;AOI MODUS;6;19;12
252;Insertion  Grouping;Insertion  Grouping;7;19;115
253;Reflow;Reflow;8;19;6
254;Bartec;Bartec;10;19;116
255;X-RAY;X-RAY;11;19;81
256;ICT test;ICT test;12;19;13
257;Coating;Coating;13;19;15
258;Control Coating;Control Coating;14;19;58
259;Cover Assy ;Cover Assy ;15;19;71
260;Manual Fuse Insertion;Manual Fuse Insertion;16;19;72
261;FKT;FKT;17;19;31
262;IPTE;IPTE;18;19;117
263;Shipping Client;Shipping Client;19;19;57
264;Control Firewall;Control Firewall;20;19;73
265;Insertion Automatique ;Insertion Automatique ;1;20;4
266;Insertion  Ushape;Insertion  Ushape;2;20;118
267;Insertion Manuelle;Insertion Manuelle;3;20;67
268;AOI OMRON;AOI OMRON;7;20;7
269;Coupe Bussbar;Coupe Bussbar;8;20;119
270;Preparation Busber;Preparation Busber;9;20;120
271;ICT test;ICT test;10;20;13
272;Cover Assy ;Cover Assy ;11;20;71
273;Vissage Cover;Vissage Cover;12;20;121
274;FKT;FKT;13;20;31
275;Shipping Client;Shipping Client;15;20;57
276;Revting;Revting;16;20;122
277;Preparation Cambrage;Preparation Cambrage;17;20;74
278;Cambrage;Cambrage;18;20;109
279;Insertion Manuelle;Insertion Manuelle;1;21;67
280;AOI OMRON;AOI OMRON;6;21;7
281;Coupe Bussbar ;Coupe Bussbar ;7;21;123
282;ICT test;ICT test;8;21;13
283;Preparation Bushing;Preparation Bushing;9;21;124
284;Cover Assy ;Cover Assy ;10;21;71
285;Vissage Cover;Vissage Cover;11;21;121
286;FKT;FKT;12;21;31
287;Shipping Client;Shipping Client;14;21;57
288;Cambrage;Cambrage;15;21;109
289;Preparation Cambrage;Preparation Cambrage;16;21;74
290;Lazer;Lazer;1;22;1
291;Serigraphie DEK;Serigraphie DEK;2;22;63
292;Cyber-Optics;Cyber-Optics;3;22;3
293;P&P Panasonic;P&P Panasonic;4;22;5
294;Reflow;Reflow;5;22;6
295;AOI 3D;AOI 3D;6;22;125
296;ICT test;ICT test;7;22;13
297;Rooter;Rooter;8;22;60
298;Shipping Client;Shipping Client;9;22;57
299;Universal;Universal;1;23;65
300;Insertion Automatique ;Insertion Automatique ;2;23;4
301;LA COUPE;LA COUPE;3;23;126
302;Insertion Manuelle;Insertion Manuelle;4;23;67
303;AOI OMRON;AOI OMRON;8;23;7
304;ICT test;ICT test;9;23;13
305;PRESS-FIT;PRESS-FIT;10;23;68
306;AOI ROTARY;AOI ROTARY;11;23;127
307;VERNISSAGE;VERNISSAGE;12;23;70
308;Cover Assy ;Cover Assy ;13;23;71
309;Manual Fuse Insertion;Manual Fuse Insertion;14;23;72
310;Shipping Client;Shipping Client;15;23;57
311;Control Firewall;Control Firewall;16;23;73
312;Preparation Cambrage;Preparation Cambrage;17;23;74
313;Insertion Automatique ;Insertion Automatique ;1;24;4
314;Insertion Manuelle;Insertion Manuelle;2;24;67
315;AOI ROTARY;AOI ROTARY;6;24;127
316;ICT test;ICT test;7;24;13
317;Selective Coating;Selective Coating;8;24;128
318;Edge Coating;Edge Coating;9;24;90
319;Insertion Long Pin ;Insertion Long Pin ;10;24;110
320;SOUDAGE Long pin;SOUDAGE Long pin;11;24;111
321;Poka-Yoke;Poka-Yoke;12;24;112
322;Control Firewall;Control Firewall;13;24;73
323;Houssing;Houssing;15;24;82
324;TEST SANDWISH;TEST SANDWISH;16;24;80
325;AUTOMATIC § MANUAL FUSS § RELAY ASSEMBLY;AUTOMATIC § MANUAL FUSS § RELAY ASSEMBLY;17;24;129
326;PRESS FUSE;PRESS FUSE;18;24;130
327;FKT;FKT;19;24;31
328;Preparation Radsock;Preparation Radsock;21;24;131
329;Shipping Client;Shipping Client;22;24;57
330;Lazer;Lazer;1;25;1
331;Serigraphie DEK;Serigraphie DEK;2;25;63
332;Cyber-Optics;Cyber-Optics;3;25;3
333;P&P Panasonic;P&P Panasonic;4;25;5
334;Reflow;Reflow;5;25;6
335;AOI IPTE;AOI IPTE;6;25;88
336;Control Firewall;Control Firewall;7;25;73
337;ICT test;ICT test;8;25;13
338;Coating;Coating;9;25;15
339;Control Coating;Control Coating;10;25;58
340;Rooter;Rooter;11;25;60
341;Shipping Client;Shipping Client;12;25;57
342;Vissage Connecteur;Vissage Connecteur;1;26;104
343;AOI ROTARY;AOI ROTARY;2;26;127
344;Insertion Manuelle;Insertion Manuelle;3;26;67
345;Control Firewall;Control Firewall;4;26;73
346;ASSEMBLAGE;ASSEMBLAGE;5;26;87
347;FKT;FKT;6;26;31
348;Shipping Client;Shipping Client;8;26;57
349;Lazer;Lazer;1;27;1
350;Serigraphie DEK;Serigraphie DEK;2;27;63
351;SOLDER PASTE INSPECTION;SOLDER PASTE INSPECTION;3;27;132
352;P&P Panasonic;P&P Panasonic;4;27;5
353;TERMINAL INSERTION;TERMINAL INSERTION;5;27;133
354;Reflow;Reflow;6;27;6
355;AOI OMRON;AOI OMRON;7;27;7
356;PRESS-FIT;PRESS-FIT;1;28;68
357;Selective  Soldering;Selective  Soldering;2;28;95
358;AOI ROTARY;AOI ROTARY;5;28;127
359;ICT test;ICT test;6;28;13
360;Control Firewall;Control Firewall;7;28;73
361;Coating;Coating;8;28;15
362;Control Coating;Control Coating;9;28;58
363;Rooter;Rooter;10;28;60
364;Application Holtmet;Application Holtmet;11;28;134
365;Power Module;Power Module;12;28;135
366;Offline Station 1;Offline Station 1;13;28;136
367;Offline Station 2;Offline Station 2;14;28;137
368;Loading/ Unloading (header screwing);Loading/ Unloading (header screwing);15;28;138
369;Dispensing;Dispensing;16;28;139
370;Pressing Station;Pressing Station;17;28;140
371;Reflow;Reflow;18;28;6
372;ASSEMBLAGE 1 OBC;ASSEMBLAGE 1 OBC;19;28;141
373;ASSEMBLAGE 2 OBC;ASSEMBLAGE 2 OBC;20;28;142
374;ASSEMBLAGE 3 OBC;ASSEMBLAGE 3 OBC;21;28;143
375;ASSEMBLAGE 4 OBC;ASSEMBLAGE 4 OBC;22;28;144
376;ASSEMBLAGE 5 OBC;ASSEMBLAGE 5 OBC;23;28;145
377;ASSEMBLAGE 6 OBC;ASSEMBLAGE 6 OBC;24;28;146
378;ASSEMBLAGE 7 OBC;ASSEMBLAGE 7 OBC;25;28;147
379;ASSEMBLAGE 8 OBC;ASSEMBLAGE 8 OBC;26;28;148
380;ASSEMBLAGE 9 OBC;ASSEMBLAGE 9 OBC;27;28;149
381;Automatique  Clinching;Automatique  Clinching;28;28;150
382;FKT;FKT;29;28;31
383;Leak Test;Leak Test;30;28;32
384;Labeling;Labeling;31;28;84
385;Lazer;Lazer;32;28;1
386;Shipping Client;Shipping Client;34;28;57
387;Lazer;Lazer;1;29;1
388;Serigraphie DEK;Serigraphie DEK;2;29;63
389;Cyber-Optics;Cyber-Optics;3;29;3
390;P&P Panasonic;P&P Panasonic;4;29;5
391;Reflow;Reflow;5;29;6
392;AOI MODUS;AOI MODUS;6;29;12
393;PRESS-FIT;PRESS-FIT;7;29;68
394;Insertion Manuelle;Insertion Manuelle;1;30;67
395;AOI ROTARY;AOI ROTARY;4;30;127
396;Selective  Soldering;Selective  Soldering;5;30;95
397;AOI Viscom;AOI Viscom;6;30;151
398;ICT test;ICT test;7;30;13
399;Coating;Coating;8;30;15
400;Control Coating;Control Coating;9;30;58
401;Rooter;Rooter;10;30;60
402;PCB Gluing;PCB Gluing;11;30;152
403;Power PCB Assembly;Power PCB Assembly;12;30;153
404;Houssing;Houssing;13;30;82
405;Dispensing;Dispensing;17;30;139
406;Cover Assy ;Cover Assy ;18;30;71
407;Main Seal Assembly;Main Seal Assembly;21;30;154
408;Mariage Assy ;Mariage Assy ;22;30;155
409;FKT;FKT;25;30;31
410;Leak Test;Leak Test;26;30;32
411;Accessories Assembly;Accessories Assembly;28;30;36
412;Shipping Client;Shipping Client;29;30;57
413;Lazer;Lazer;1;31;1
414;Serigraphie DEK;Serigraphie DEK;2;31;63
415;SOLDER PASTE INSPECTION;SOLDER PASTE INSPECTION;3;31;132
416;P&P Panasonic;P&P Panasonic;4;31;5
417;Reflow;Reflow;5;31;6
418;AOI OMRON;AOI OMRON;6;31;7
419;Insertion Manuelle;Insertion Manuelle;1;31;67
420;AOI Viscom;AOI Viscom;2;31;151
421;ICT test;ICT test;3;31;13
422;Rooter;Rooter;4;31;60
423;ASSEMBLAGE;ASSEMBLAGE;5;31;87
424;FKT;FKT;6;31;31
425;Labeling;Labeling;7;31;84
426;Final AOI;Final AOI;8;31;156
427;GP 12 (Contrôle);GP 12 (Contrôle);9;31;157
428;Shipping Client;Shipping Client;10;31;57
429;Lazer;Lazer;1;33;1
430;Serigraphie DEK;Serigraphie DEK;2;33;63
431;Cyber-Optics;Cyber-Optics;3;33;3
432;P&P Panasonic;P&P Panasonic;4;33;5
433;Reflow;Reflow;5;33;6
434;AOI 3D;AOI 3D;6;33;125
435;X-RAY;X-RAY;7;33;81
436;ICT test;ICT test;9;33;13
437;Coating;Coating;10;33;15
438;Control Coating;Control Coating;11;33;58
439;Depaneling;Depaneling;12;33;66
440;Houssing;Houssing;13;33;82
441;FKT;FKT;14;33;31
442;Shipping Client;Shipping Client;16;33;57
443;Lazer;Lazer;1;34;1
444;Serigraphie DEK;Serigraphie DEK;2;34;63
445;Cyber-Optics;Cyber-Optics;3;34;3
446;P&P Panasonic;P&P Panasonic;4;34;5
447;Reflow;Reflow;5;34;6
448;AOI IPTE;AOI IPTE;6;34;88
449;ICT test;ICT test;7;34;13
450;Depaneling;Depaneling;8;34;66
451;Houssing;Houssing;9;34;82
452;FKT;FKT;10;34;31
453;Labeling;Labeling;11;34;84
454;Shipping Client;Shipping Client;12;34;57
455;Lazer;Lazer;1;35;1
456;Serigraphie DEK;Serigraphie DEK;2;35;63
457;Cyber-Optics;Cyber-Optics;3;35;3
458;P&P Panasonic;P&P Panasonic;4;35;5
459;Reflow;Reflow;5;35;6
460;AOI MODUS;AOI MODUS;6;35;12
461;PRESS-FIT;PRESS-FIT;7;35;68
462;ICT test;ICT test;8;35;13
463;Rooter;Rooter;9;35;60
464;ASSEMBLAGE;ASSEMBLAGE;10;35;87
465;Leak Test;Leak Test;11;35;32
466;FKT;FKT;12;35;31
467;Sealing Ring ASSY ;Sealing Ring ASSY ;13;35;158
468;Shipping Client;Shipping Client;14;35;57
469;Lazer;Lazer;1;36;1
470;Serigraphie DEK;Serigraphie DEK;2;36;63
471;Cyber-Optics;Cyber-Optics;3;36;3
472;P&P Panasonic;P&P Panasonic;4;36;5
473;Reflow;Reflow;5;36;6
474;AOI MODUS;AOI MODUS;6;36;12
475;PRESS-FIT;PRESS-FIT;7;36;68
476;ICT test;ICT test;8;36;13
477;Rooter;Rooter;9;36;60
478;Machine assembly ;Machine assembly ;10;36;159
479;Labeling;Labeling;11;36;84
480;Leak Test;Leak Test;12;36;32
481;Shipping Client;Shipping Client;14;36;57
482;Lazer;Lazer;1;37;1
483;Serigraphie DEK;Serigraphie DEK;2;37;63
484;Cyber-Optics;Cyber-Optics;3;37;3
485;P&P Panasonic;P&P Panasonic;4;37;5
486;Reflow;Reflow;5;37;6
487;AOI 2D;AOI 2D;6;37;64
488;ICT test;ICT test;7;37;13
489;FKT;FKT;8;37;31
490;Labeling;Labeling;9;37;84
491;Coating;Coating;10;37;15
492;Control Coating;Control Coating;11;37;58
493;Rooter;Rooter;12;37;60
494;X-RAY;X-RAY;13;37;81
495;Shipping Client;Shipping Client;14;37;57
496;Lazer;Lazer;1;38;1
497;Serigraphie DEK;Serigraphie DEK;2;38;63
498;Cyber-Optics;Cyber-Optics;3;38;3
499;Insertion Automatique ;Insertion Automatique ;4;38;4
500;P&P Panasonic;P&P Panasonic;5;38;5
501;Reflow;Reflow;6;38;6
502;AOI IPTE;AOI IPTE;7;38;88
503;ICT test;ICT test;8;38;13
504;PRESS-FIT;PRESS-FIT;9;38;68
505;Coating;Coating;10;38;15
506;Control Coating;Control Coating;11;38;58
507;Depaneling;Depaneling;12;38;66
508;Cover Assy ;Cover Assy ;13;38;71
509;FKT;FKT;14;38;31
510;Labeling;Labeling;15;38;84
511;Shipping Client;Shipping Client;16;38;57
512;Lazer;Lazer;1;39;1
513;Serigraphie DEK;Serigraphie DEK;2;39;63
514;Cyber-Optics;Cyber-Optics;3;39;3
515;P&P Panasonic;P&P Panasonic;4;39;5
516;Reflow;Reflow;5;39;6
517;AOI KOHYOUNG ;AOI KOHYOUNG ;6;39;160
518;PRESS-FIT;PRESS-FIT;7;39;68
519;ICT test;ICT test;8;39;13
520;Rooter;Rooter;9;39;60
521;Dispensing;Dispensing;10;39;139
522;FKT;FKT;11;39;31
523;AOI MARKING;AOI MARKING;12;39;161
524;Shipping Client;Shipping Client;13;39;57
525;Lazer;Lazer;1;40;1
526;Dec;Dec;2;40;162
527;Cyber-Optics;Cyber-Optics;3;40;3
528;P&P Panasonic;P&P Panasonic;4;40;5
529;Reflow;Reflow;5;40;6
530;AOI MODUS;AOI MODUS;6;40;12
531;X-RAY;X-RAY;7;40;81
532;ICT test;ICT test;8;40;13
533;Rooter;Rooter;9;40;60
534;Dispensing;Dispensing;10;40;139
535;FKT;FKT;11;40;31
536;Shipping Client;Shipping Client;12;40;57
537;Lazer;Lazer;1;41;1
538;Serigraphie DEK;Serigraphie DEK;2;41;63
539;Cyber-Optics;Cyber-Optics;3;41;3
540;P&P Panasonic;P&P Panasonic;4;41;5
541;Reflow;Reflow;5;41;6
542;AOI MODUS;AOI MODUS;6;41;12
543;X-RAY;X-RAY;7;41;81
544;PRESS-FIT;PRESS-FIT;8;41;68
545;ICT test;ICT test;9;41;13
546;Coating;Coating;10;41;15
547;Control Coating;Control Coating;11;41;58
548;Rooter;Rooter;12;41;60
549;FKT;FKT;13;41;31
550;Machine assembly;Machine assembly;14;41;163
551;Labeling;Labeling;15;41;84
552;Leak Test;Leak Test;16;41;32
553;Shipping Client;Shipping Client;18;41;57
554;Lazer;Lazer;1;42;1
555;Serigraphie DEK;Serigraphie DEK;2;42;63
556;Cyber-Optics;Cyber-Optics;3;42;3
557;P&P Panasonic;P&P Panasonic;4;42;5
558;Reflow;Reflow;5;42;6
559;AOI MODUS;AOI MODUS;6;42;12
560;X-RAY;X-RAY;7;42;81
561;ICT test;ICT test;8;42;13
562;Coating;Coating;9;42;15
563;Control Coating;Control Coating;10;42;58
564;Rooter;Rooter;11;42;60
565;ASSEMBLAGE;ASSEMBLAGE;12;42;87
566;FKT;FKT;13;42;31
567;Shipping Client;Shipping Client;14;42;57
568;Lazer;Lazer;1;43;1
569;Serigraphie DEK;Serigraphie DEK;2;43;63
570;Cyber-Optics;Cyber-Optics;3;43;3
571;P&P Panasonic;P&P Panasonic;4;43;5
572;Reflow;Reflow;5;43;6
573;AOI MODUS;AOI MODUS;6;43;12
574;X-RAY;X-RAY;7;43;81
575;Insertion Manuelle;Insertion Manuelle;8;43;67
576;Wave Soldering;Wave Soldering;12;43;105
577;ICT test;ICT test;14;43;13
578;Coating;Coating;15;43;15
579;Control Coating;Control Coating;16;43;58
580;Dispensing;Dispensing;17;43;139
581;FKT;FKT;18;43;31
582;Shipping Client;Shipping Client;19;43;57
583;Lazer;Lazer;1;44;1
584;Serigraphie DEK;Serigraphie DEK;2;44;63
585;Cyber-Optics;Cyber-Optics;3;44;3
586;P&P Panasonic;P&P Panasonic;4;44;5
587;Reflow;Reflow;5;44;6
588;AOI MODUS;AOI MODUS;6;44;12
589;X-RAY;X-RAY;7;44;81
590;Insertion Manuelle;Insertion Manuelle;8;44;67
591;Wave Soldering;Wave Soldering;12;44;105
592;ICT test;ICT test;14;44;13
593;Coating;Coating;15;44;15
594;Control Coating;Control Coating;16;44;58
595;Dispensing;Dispensing;17;44;139
596;FKT;FKT;18;44;31
597;Shipping Client;Shipping Client;19;44;57
598;Lazer;Lazer;1;45;1
599;Serigraphie DEK;Serigraphie DEK;2;45;63
600;Cyber-Optics;Cyber-Optics;3;45;3
601;P&P Panasonic;P&P Panasonic;4;45;5
602;Reflow;Reflow;5;45;6
603;AOI MODUS;AOI MODUS;6;45;12
604;X-RAY;X-RAY;7;45;81
605;ICT test;ICT test;8;45;13
606;Coating;Coating;9;45;15
607;Control Coating;Control Coating;10;45;58
608;Rooter;Rooter;11;45;60
609;ASSEMBLAGE;ASSEMBLAGE;12;45;87
610;FKT;FKT;13;45;31
611;Shipping Client;Shipping Client;14;45;57
612;Lazer;Lazer;1;46;1
613;Serigraphie DEK;Serigraphie DEK;2;46;63
614;Cyber-Optics;Cyber-Optics;3;46;3
615;P&P Panasonic;P&P Panasonic;4;46;5
616;Reflow;Reflow;5;46;6
617;AOI MODUS;AOI MODUS;6;46;12
618;X-RAY;X-RAY;7;46;81
619;ICT test;ICT test;8;46;13
620;Coating;Coating;9;46;15
621;Control Coating;Control Coating;10;46;58
622;Rooter;Rooter;11;46;60
623;Machine assembly;Machine assembly;12;46;163
624;FKT;FKT;13;46;31
625;Shipping Client;Shipping Client;14;46;57
626;Lazer;Lazer;1;47;1
627;Serigraphie DEK;Serigraphie DEK;2;47;63
628;Cyber-Optics;Cyber-Optics;3;47;3
629;P&P Panasonic;P&P Panasonic;4;47;5
630;Reflow;Reflow;5;47;6
631;AOI MODUS;AOI MODUS;6;47;12
632;Preparation Cambrage;Preparation Cambrage;7;47;74
633;Insertion Manuelle;Insertion Manuelle;8;47;67
634;Wave Soldering;Wave Soldering;11;47;105
635;ICT test;ICT test;13;47;13
636;Coating;Coating;14;47;15
637;Control Coating;Control Coating;15;47;58
638;Dispensing;Dispensing;16;47;139
639;FKT;FKT;17;47;31
640;Climatic Chamber;Climatic Chamber;19;47;83
641;Shipping Client;Shipping Client;20;47;57
642;Lazer;Lazer;1;48;1
643;Serigraphie DEK;Serigraphie DEK;2;48;63
644;Cyber-Optics;Cyber-Optics;3;48;3
645;P&P Panasonic;P&P Panasonic;4;48;5
646;Reflow;Reflow;5;48;6
647;AOI MODUS;AOI MODUS;6;48;12
648;X-RAY;X-RAY;7;48;81
649;Preparation Cambrage;Preparation Cambrage;8;48;74
650;Insertion Manuelle;Insertion Manuelle;9;48;67
651;Wave Soldering;Wave Soldering;13;48;105
652;ICT test;ICT test;15;48;13
653;Coating;Coating;16;48;15
654;Control Coating;Control Coating;17;48;58
655;Dispensing;Dispensing;18;48;139
656;FKT;FKT;19;48;31
657;AOI OMRON;AOI OMRON;20;48;7
658;Shipping Client;Shipping Client;21;48;57
659;Lazer;Lazer;1;49;1
660;Serigraphie DEK;Serigraphie DEK;2;49;63
661;Cyber-Optics;Cyber-Optics;3;49;3
662;P&P Panasonic;P&P Panasonic;4;49;5
663;Reflow;Reflow;5;49;6
664;AOI MODUS;AOI MODUS;6;49;12
665;X-RAY;X-RAY;7;49;81
666;Preparation Cambrage;Preparation Cambrage;8;49;74
667;Insertion Manuelle;Insertion Manuelle;9;49;67
668;Wave Soldering;Wave Soldering;13;49;105
669;ICT test;ICT test;15;49;13
670;Coating;Coating;16;49;15
671;Control Coating;Control Coating;17;49;58
672;Dispensing;Dispensing;18;49;139
673;FKT;FKT;19;49;31
674;AOI OMRON;AOI OMRON;20;49;7
675;Shipping Client;Shipping Client;21;49;57
676;Lazer;Lazer;1;50;1
677;Serigraphie DEK;Serigraphie DEK;2;50;63
678;Cyber-Optics;Cyber-Optics;3;50;3
679;P&P Panasonic;P&P Panasonic;4;50;5
680;Reflow;Reflow;5;50;6
681;AOI MODUS;AOI MODUS;6;50;12
682;X-RAY;X-RAY;7;50;81
683;Preparation Cambrage;Preparation Cambrage;8;50;74
684;Insertion Manuelle;Insertion Manuelle;9;50;67
685;Wave Soldering;Wave Soldering;13;50;105
686;ICT test;ICT test;15;50;13
687;Coating;Coating;16;50;15
688;Control Coating;Control Coating;17;50;58
689;Dispensing;Dispensing;18;50;139
690;FKT;FKT;19;50;31
691;AOI OMRON;AOI OMRON;20;50;7
692;Shipping Client;Shipping Client;21;50;57
693;Lazer;Lazer;1;51;1
694;Serigraphie DEK;Serigraphie DEK;2;51;63
695;Cyber-Optics;Cyber-Optics;3;51;3
696;P&P Panasonic;P&P Panasonic;4;51;5
697;Reflow;Reflow;5;51;6
698;AOI OMRON;AOI OMRON;6;51;7
699;X-RAY;X-RAY;7;51;81
700;ICT test;ICT test;8;51;13
701;Coating;Coating;9;51;15
702;Control Coating;Control Coating;10;51;58
703;Rooter;Rooter;11;51;60
704;Labeling;Labeling;12;51;84
705;FKT;FKT;13;51;31
706;Shipping Client;Shipping Client;14;51;57
707;Lazer;Lazer;1;52;1
708;Serigraphie DEK;Serigraphie DEK;2;52;63
709;Cyber-Optics;Cyber-Optics;3;52;3
710;P&P Panasonic;P&P Panasonic;4;52;5
711;Reflow;Reflow;5;52;6
712;AOI OMRON;AOI OMRON;6;52;7
713;X-RAY;X-RAY;7;52;81
714;Preparation Cambrage;Preparation Cambrage;8;52;74
715;Insertion Manuelle;Insertion Manuelle;9;52;67
716;Wave Soldering;Wave Soldering;13;52;105
717;ICT test;ICT test;15;52;13
718;Coating;Coating;16;52;15
719;Control Coating;Control Coating;17;52;58
720;Rooter;Rooter;18;52;60
721;Dispensing;Dispensing;19;52;139
722;FKT;FKT;20;52;31
723;Shipping Client;Shipping Client;22;52;57
724;AOI 2D (Certified C in other WS);AOI 2D (Certified C in other WS);1;1;164
725;AOI 3D THT;AOI 3D THT;1;28;165
726;AOI A72 (Certified C in other WS);AOI A72 (Certified C in other WS);1;1;166
727;AOI IPTE/AOI CVC (Certified C in other WS);AOI IPTE/AOI CVC (Certified C in other WS);1;1;167
728;AOI modus (Certified C in other WS);AOI modus (Certified C in other WS);1;1;168
729;AOI Omron (Certified C in other WS);AOI Omron (Certified C in other WS);1;1;169
730;Assemblage (REVITING/GLUING/SPEAKER);Assemblage (REVITING/GLUING/SPEAKER);1;1;170
731;Automatic Fuse Insertion;Automatic Fuse Insertion;1;1;171
732;Automatic Insertion;Automatic Insertion;1;1;172
733;Bending;Bending;1;1;173
734;bushing;bushing;1;1;174
735;Coating emertionLazpiur;Coating emertionLazpiur;1;1;175
736;Coating PVA;Coating PVA;1;1;176
737;coating spray / Insertion;coating spray / Insertion;1;1;177
738;Connector screwing;Connector screwing;1;1;178
739;Cover Assembly 1;Cover Assembly 1;1;1;179
740;Cover Assembly 2;Cover Assembly 2;1;1;180
741;Cover Assembly 3;Cover Assembly 3;1;1;181
742;Cover Assy /houssing;Cover Assy /houssing;1;1;182
743;Cover Assy including screwing;Cover Assy including screwing;1;1;183
744;Crimping;Crimping;1;1;184
745;Cutting BUSBAR;Cutting BUSBAR;1;1;185
746;Cutting Preparation Busbar;Cutting Preparation Busbar;1;1;186
747;Cyber Optique (Certified C in other WS);Cyber Optique (Certified C in other WS);1;1;187
748;DEK/MPM;DEK/MPM;1;1;188
749;Depanneling;Depanneling;1;1;189
750;Dukane;Dukane;1;1;190
751;Easy Rooter Shipping;Easy Rooter Shipping;1;1;191
752;Edge Coating IPTE;Edge Coating IPTE;1;1;192
753;Edge Coating KNODEL;Edge Coating KNODEL;1;1;193
754;EOL assembly 1;EOL assembly 1;1;1;194
755;EOL assembly 2;EOL assembly 2;1;1;195
756;EOL assembly 3;EOL assembly 3;1;1;196
757;EOL assembly 4;EOL assembly 4;1;1;197
758;EOL assembly 5;EOL assembly 5;1;1;198
759;Final AOI automatique;Final AOI automatique;1;1;199
760;Fire wall (Certified C in other WS);Fire wall (Certified C in other WS);1;1;200
761;FKT Lazpiur/IPTE;FKT Lazpiur/IPTE;1;1;201
762;FKT Power;FKT Power;1;1;202
763;Flyingprob;Flyingprob;1;1;203
764;HOUSSING ASSY 1;HOUSSING ASSY 1;1;1;204
765;HOUSSING ASSY 2;HOUSSING ASSY 2;1;1;205
766;HOUSSING ASSY 3;HOUSSING ASSY 3;1;1;206
767;HOUSSING Dispensing;HOUSSING Dispensing;1;1;207
768;ICT;ICT;1;1;208
769;Insertion busber;Insertion busber;1;1;209
770;Insertion grouping;Insertion grouping;1;1;210
771;Insertion Long Pin;Insertion Long Pin;1;1;211
772;Insertion relais (Plus 13);Insertion relais (Plus 13);1;1;212
773;Lazer Marking /Lazer Marking MACSA;Lazer Marking /Lazer Marking MACSA;1;1;213
774;Manual Diode Insertion;Manual Diode Insertion;1;1;214
775;Manuel Station(accessories inspection);Manuel Station(accessories inspection);1;1;215
776;Mariage Assy 1;Mariage Assy 1;1;1;216
777;Mariage Assy 2;Mariage Assy 2;1;1;217
778;Mariage Assy 3;Mariage Assy 3;1;1;218
779;MidStrip;MidStrip;1;1;219
780;Panasonic;Panasonic;1;1;220
781;PCBA FKT;PCBA FKT;1;1;221
782;Poka yoke;Poka yoke;1;1;222
783;Power strip;Power strip;1;1;223
784;Press Fit;Press Fit;1;1;224
785;QX 5 (Certified C in other WS);QX 5 (Certified C in other WS);1;1;225
786;reflashing;reflashing;1;1;226
787;Reflow (Certified C in other WS);Reflow (Certified C in other WS);1;1;227
788;Rework;Rework;1;1;228
789;rework analyst;rework analyst;1;1;229
790;Rework reflash;Rework reflash;1;1;230
791;RTV dispensing;RTV dispensing;1;1;231
792;Screwing ASSY;Screwing ASSY;1;1;232
793;Selective soldering;Selective soldering;1;1;233
794;Selective soldering (Already Certified C in other WS);Selective soldering (Already Certified C in other WS);1;1;234
795;Shaker;Shaker;1;1;235
796;Shipping;Shipping;1;1;236
797;Shrink preparation;Shrink preparation;1;1;41
798;Shunt Robot (Already Certified C in other WS);Shunt Robot (Already Certified C in other WS);1;1;237
799;Shunt screwing;Shunt screwing;1;1;238
800;Soft grip gluing;Soft grip gluing;1;1;239
801;Splicing;Splicing;1;1;44
802;Toroid Dsipensing;Toroid Dsipensing;1;1;240
803;Ultrasonic welding;Ultrasonic welding;1;1;241
804;Unistrip;Unistrip;1;1;242
805;Wave soldering Insertion;Wave soldering Insertion;1;1;243
806;Wave soldering Visual Check (Already Certified C in other WS);Wave soldering Visual Check (Already Certified C in other WS);1;1;244
807;X-Ray (Certified C in other WS);X-Ray (Certified C in other WS);1;1;245
808;Yamaha;Yamaha;1;1;246
